image_name,fracture_fracton,PnS2_sum,PnP3H_sum,PnP3V_sum,PnP4_sum,PnP6V_sum,PnL_sum,FnS2_sum,FnP3H_sum,FnP3V_sum,FnP4_sum,FnP6V_sum,FnL_sum
CS_5057_5_B_100_1_1,0.1419,1.5622,0.3115,0.3007,0.339,0.2203,0.6477,4.5559,1.1167,1.0127,2.1896,1.5519,4.2462
CS_5057_5_B_100_2_1,0.1072,1.0188,0.1972,0.1942,0.217,0.1458,0.379,4.6415,1.2922,1.3147,1.9689,1.3653,4.424
CS_5057_5_B_100_3_1,0.1217,1.3518,0.27,0.2598,0.3058,0.1937,0.5315,5.7224,1.4733,1.2475,2.4233,1.5921,5.5407
CS_5057_5_B_100_4_1,0.144,2.5058,0.6175,0.6338,0.7636,0.4234,1.1836,11.9233,3.1987,3.5621,4.5616,2.9474,11.2353
CS_5057_5_B_101_1_1,0.1001,0.9949,0.1841,0.1702,0.2093,0.1386,0.4055,5.4883,1.2244,1.1655,2.0042,1.3828,5.3797
CS_5057_5_B_101_2_1,0.076,0.5962,0.1216,0.1236,0.1422,0.0995,0.2637,4.3759,1.4167,1.1544,1.8757,1.3146,4.2439
CS_5057_5_B_101_3_1,0.0663,0.6484,0.1522,0.1669,0.1848,0.1228,0.3333,6.9156,2.138,2.2674,2.7963,1.859,6.8156
CS_5057_5_B_101_4_1,0.0797,1.1296,0.2687,0.2794,0.318,0.1808,0.5029,11.0725,3.1607,3.2798,3.9883,2.278,10.5795
CS_5057_5_B_102_1_1,0.1005,1.1769,0.2367,0.2254,0.2457,0.1504,0.4382,7.4386,1.9437,1.9697,2.3647,1.5006,7.011
CS_5057_5_B_102_2_1,0.1089,1.0846,0.2416,0.2346,0.2818,0.1846,0.4877,5.0738,1.7428,1.7613,2.5524,1.7027,4.8874
CS_5057_5_B_102_3_1,0.0759,0.7778,0.1913,0.195,0.2507,0.1645,0.4855,6.9753,2.343,2.3413,3.3125,2.1743,6.6921
CS_5057_5_B_102_4_1,0.0995,0.8629,0.1765,0.1738,0.2071,0.1402,0.3789,4.105,1.3352,1.2559,2.055,1.4127,4.1092
CS_5057_5_B_103_1_1,0.1083,1.1075,0.2387,0.2399,0.2733,0.1745,0.4847,5.3937,1.5849,1.7376,2.5098,1.6174,5.3273
CS_5057_5_B_103_2_1,0.1202,1.791,0.4678,0.4553,0.5512,0.3103,0.8019,10.1086,3.3692,3.1975,4.5843,2.5891,9.7861
CS_5057_5_B_103_3_1,0.0693,0.6131,0.1197,0.1225,0.1401,0.0954,0.264,5.7862,1.4219,1.6289,2.0223,1.3818,5.5555
CS_5057_5_B_103_4_1,0.197,2.9738,0.6442,0.6536,0.6947,0.3744,0.9854,6.5268,1.72,1.8225,3.3435,1.8741,6.0114
CS_5057_5_B_104_1_1,0.1576,2.4242,0.5362,0.5487,0.6018,0.3064,0.8182,8.8975,2.309,2.8103,3.7133,1.9359,8.5898
CS_5057_5_B_104_2_1,0.084,0.9587,0.2124,0.2068,0.2558,0.1594,0.4727,7.8704,2.1377,2.2104,3.0544,1.9042,7.5148
CS_5057_5_B_104_3_1,0.0806,0.8122,0.1561,0.1541,0.1777,0.1161,0.3833,6.5737,1.66,1.6744,2.0976,1.4459,6.3427
CS_5057_5_B_104_4_1,0.0926,1.2619,0.3073,0.3012,0.3423,0.192,0.5069,9.9227,2.8821,2.9462,3.7011,2.0822,9.4172
CS_5057_5_B_105_1_1,0.0615,0.5381,0.0974,0.0936,0.1178,0.0815,0.2558,6.0481,1.4542,1.2927,1.8876,1.3299,5.8883
CS_5057_5_B_105_2_1,0.0706,0.6147,0.1351,0.1372,0.1738,0.1179,0.3391,5.5774,1.627,1.7877,2.4725,1.6749,5.4504
CS_5057_5_B_105_3_1,0.0681,0.5246,0.115,0.1161,0.1335,0.0941,0.2361,4.6095,1.4917,1.5128,1.9576,1.3866,4.3737
CS_5057_5_B_105_4_1,0.0826,0.8539,0.1757,0.177,0.2135,0.1359,0.3682,6.7721,1.7907,1.9695,2.5451,1.6479,6.5211
CS_5057_5_B_106_1_1,0.0981,1.3025,0.3114,0.307,0.3529,0.203,0.5197,9.2873,2.7761,2.8376,3.5832,2.0777,8.7793
CS_5057_5_B_106_2_1,0.091,0.7727,0.1513,0.153,0.175,0.1224,0.3125,4.3415,1.0597,1.2361,1.9055,1.347,4.1428
CS_5057_5_B_106_3_1,0.1053,1.2409,0.2742,0.2763,0.322,0.1975,0.5601,7.2941,2.3561,2.218,3.0077,1.8817,6.9579
CS_5057_5_B_106_4_1,0.1649,2.1434,0.4379,0.4281,0.4734,0.2924,0.9073,5.6918,1.6763,1.1698,2.6738,1.7665,5.2244
CS_5057_5_B_107_1_1,0.0926,0.7784,0.1636,0.1602,0.1945,0.1347,0.3787,4.1671,1.25,1.2981,1.9233,1.4593,4.1004
CS_5057_5_B_107_2_1,0.0989,0.8719,0.1967,0.191,0.2187,0.1502,0.4019,4.2956,1.6216,1.3878,2.1291,1.5245,4.1339
CS_5057_5_B_107_3_1,0.109,1.0343,0.2133,0.2044,0.2477,0.1644,0.4249,4.5372,1.2654,1.3431,2.1679,1.5126,4.3196
CS_5057_5_B_107_4_1,0.1065,0.9923,0.1997,0.188,0.2238,0.1515,0.4333,4.4657,1.1597,1.165,2.0215,1.426,4.3813
CS_5057_5_B_108_1_1,0.1727,3.1889,0.7717,0.8033,0.9371,0.4779,1.3057,11.8745,3.6025,3.5843,5.2582,2.7656,11.0915
CS_5057_5_B_108_2_1,0.0682,0.7395,0.1609,0.1618,0.1968,0.1215,0.3674,7.9716,2.1829,2.0963,2.8929,1.7845,7.6736
CS_5057_5_B_108_3_1,0.1036,1.0893,0.2078,0.187,0.2413,0.1574,0.5578,5.9439,1.479,1.2152,2.3069,1.5232,5.7681
CS_5057_5_B_108_4_1,0.0596,0.4207,0.0962,0.0944,0.1186,0.0829,0.2215,4.3402,1.4192,1.4577,1.9975,1.3972,4.2779
CS_5057_5_B_109_1_1,0.0972,0.8719,0.1685,0.167,0.1767,0.1236,0.302,4.5539,1.3933,1.4011,1.783,1.277,4.2847
CS_5057_5_B_109_2_1,0.0737,0.5542,0.1138,0.1139,0.1357,0.0962,0.253,4.1318,1.2952,1.3179,1.7944,1.3099,4.0596
CS_5057_5_B_109_3_1,0.1015,1.2343,0.2771,0.2665,0.3036,0.1779,0.4569,7.8943,2.3277,2.1787,2.9506,1.7604,7.5107
CS_5057_5_B_109_4_1,0.0914,0.8678,0.1769,0.1658,0.1997,0.1342,0.3969,5.4286,1.3346,1.5136,2.1886,1.471,5.2094
CS_5057_5_B_10_1_1,0.107,0.99,0.1945,0.1915,0.2307,0.1566,0.4732,4.3743,1.2901,1.1771,2.0676,1.4681,4.2378
CS_5057_5_B_10_2_1,0.0775,0.6645,0.1341,0.1336,0.161,0.1104,0.3451,5.0909,1.417,1.4462,2.0761,1.4294,4.9982
CS_5057_5_B_10_3_1,0.1534,1.6966,0.3456,0.3554,0.4017,0.2569,0.8137,4.0082,1.1613,1.2125,2.4649,1.6648,3.9585
CS_5057_5_B_10_4_1,0.111,1.0863,0.2167,0.2126,0.2632,0.1754,0.5461,4.7694,1.4294,1.2229,2.3235,1.5867,4.5453
CS_5057_5_B_110_1_1,0.1057,0.9403,0.193,0.1821,0.209,0.1436,0.3802,4.0318,1.2005,1.1685,1.9338,1.3562,3.833
CS_5057_5_B_110_2_1,0.1166,1.2466,0.2356,0.227,0.2658,0.1723,0.4851,5.5086,1.3302,1.3385,2.2079,1.4818,5.2633
CS_5057_5_B_110_3_1,0.1205,1.1923,0.2201,0.2141,0.2337,0.1564,0.4129,4.4057,1.1377,1.1739,1.8427,1.3005,4.0894
CS_5057_5_B_110_4_1,0.1006,1.0457,0.2288,0.212,0.2555,0.159,0.4234,5.9567,1.8037,1.6398,2.4801,1.5841,5.6418
CS_5057_5_B_111_1_1,0.1323,1.7869,0.4106,0.3968,0.4506,0.2631,0.7132,7.9431,2.3768,2.0346,3.3656,1.9867,7.5542
CS_5057_5_B_111_2_1,0.0944,0.9188,0.1829,0.1754,0.2116,0.1435,0.4361,5.5325,1.3925,1.4056,2.2189,1.5254,5.322
CS_5057_5_B_111_3_1,0.0951,0.8496,0.1733,0.1653,0.1958,0.1332,0.3529,4.611,1.3704,1.1372,1.9733,1.4029,4.4232
CS_5057_5_B_111_4_1,0.1346,1.6818,0.3769,0.3643,0.4389,0.2569,0.7088,6.6549,2.0216,1.7792,3.092,1.8967,6.5117
CS_5057_5_B_112_1_1,0.0979,0.9061,0.1773,0.1679,0.2002,0.1351,0.3871,4.8394,1.4931,1.1571,2.0346,1.3843,4.6337
CS_5057_5_B_112_2_1,0.1065,0.9859,0.1981,0.1971,0.2311,0.1558,0.4568,4.4037,1.1501,1.3304,2.0948,1.4547,4.2884
CS_5057_5_B_112_3_1,0.0739,0.6194,0.1168,0.1114,0.1366,0.0954,0.2532,5.0585,1.249,1.2014,1.8453,1.2929,4.8451
CS_5057_5_B_112_4_1,0.0728,0.5654,0.1169,0.1131,0.1296,0.0911,0.2358,4.4587,1.2141,1.2645,1.7634,1.2539,4.3847
CS_5057_5_B_113_1_1,0.135,1.7294,0.3917,0.3897,0.4318,0.2451,0.6513,7.003,2.2427,2.3207,3.1525,1.8182,6.793
CS_5057_5_B_113_2_1,0.1328,1.9032,0.4433,0.4863,0.5066,0.2786,0.7079,8.8726,2.7721,2.8533,3.8154,2.1035,8.3122
CS_5057_5_B_113_3_1,0.0911,0.9117,0.1754,0.1601,0.2048,0.1326,0.4028,5.9985,1.5432,1.3445,2.2292,1.4565,5.7427
CS_5057_5_B_113_4_1,0.1137,1.0868,0.2181,0.2198,0.2482,0.1671,0.469,4.3755,1.3614,1.5104,2.1105,1.4741,4.2293
CS_5057_5_B_114_1_1,0.1153,1.8703,0.4416,0.4308,0.5266,0.2974,0.8794,11.8249,3.6045,3.1647,4.5698,2.59,11.2024
CS_5057_5_B_114_2_1,0.0879,0.7775,0.1598,0.1623,0.1965,0.1335,0.4011,4.8796,1.5793,1.4131,2.234,1.5247,4.6636
CS_5057_5_B_114_3_1,0.0843,0.8982,0.1498,0.1332,0.1763,0.1147,0.3891,7.0267,1.2963,1.3544,2.0859,1.3654,6.841
CS_5057_5_B_114_4_1,0.103,1.278,0.2872,0.2692,0.3082,0.1842,0.5211,8.0835,2.3199,2.1397,2.9802,1.7942,7.7763
CS_5057_5_B_115_1_1,0.1097,1.2192,0.2291,0.2269,0.2641,0.1703,0.5736,6.3187,1.453,1.4731,2.32,1.5546,5.9193
CS_5057_5_B_115_2_1,0.1135,1.358,0.2467,0.226,0.2871,0.1739,0.6222,7.1033,1.5849,1.595,2.4749,1.5175,6.7639
CS_5057_5_B_115_3_1,0.0344,0.2262,0.0521,0.0524,0.063,0.0449,0.1249,5.0257,1.5054,1.5275,1.8376,1.311,4.8834
CS_5057_5_B_115_4_1,0.1162,1.2879,0.2539,0.2498,0.2945,0.1885,0.6085,5.9739,1.3979,1.5029,2.5126,1.626,5.7496
CS_5057_5_B_116_1_1,0.1106,0.978,0.1969,0.196,0.2201,0.1506,0.3788,3.7256,1.3581,1.3259,1.9767,1.3654,3.6145
CS_5057_5_B_116_2_1,0.1163,1.2575,0.258,0.2446,0.2846,0.1841,0.5729,5.6594,1.7673,1.5653,2.3788,1.5801,5.4271
CS_5057_5_B_116_3_1,0.0899,0.7667,0.1655,0.1751,0.1946,0.1348,0.353,4.4298,1.3209,1.5145,2.1546,1.5055,4.2108
CS_5057_5_B_116_4_1,0.0957,0.8794,0.1762,0.17,0.1995,0.1355,0.3728,4.8718,1.4465,1.4179,2.0532,1.4211,4.6987
CS_5057_5_B_117_1_1,0.1092,1.0927,0.2262,0.2184,0.2603,0.1706,0.4857,5.0963,1.4686,1.3496,2.3066,1.5628,4.948
CS_5057_5_B_117_2_1,0.0897,0.8439,0.1857,0.1851,0.218,0.1424,0.3791,5.4124,1.7499,1.7726,2.3938,1.5945,5.2824
CS_5057_5_B_117_3_1,0.1027,0.9542,0.1773,0.1744,0.2047,0.1398,0.4049,4.629,1.1415,1.3011,1.9397,1.3621,4.502
CS_5057_5_B_117_4_1,0.0764,0.6096,0.1306,0.1296,0.1414,0.1002,0.2528,4.5101,1.4507,1.4437,1.8306,1.3122,4.4801
CS_5057_5_B_118_1_1,0.1289,1.2537,0.2646,0.2629,0.2964,0.1962,0.5094,3.7654,1.4415,0.9739,2.2269,1.5247,3.7042
CS_5057_5_B_118_2_1,0.1041,0.9079,0.1792,0.1814,0.2068,0.1438,0.3939,3.9252,1.3019,1.2624,1.9638,1.3828,3.9019
CS_5057_5_B_118_3_1,0.1192,1.3126,0.2574,0.2514,0.2892,0.1853,0.5315,5.742,1.2856,1.4609,2.3966,1.5613,5.5136
CS_5057_5_B_118_4_1,0.1022,1.029,0.1974,0.1919,0.2192,0.1462,0.4125,5.5268,1.5193,1.4755,2.1409,1.4366,5.3221
CS_5057_5_B_119_1_1,0.1459,1.6225,0.2979,0.2808,0.3179,0.2028,0.6118,4.4814,0.9952,1.1103,2.0777,1.3795,4.2852
CS_5057_5_B_119_2_1,0.1087,0.9844,0.1949,0.1891,0.2138,0.1464,0.397,4.0669,1.1923,1.1499,1.9328,1.351,3.9585
CS_5057_5_B_119_3_1,0.1149,1.1856,0.2225,0.2054,0.2388,0.1576,0.4752,5.1606,1.3506,1.1933,2.0319,1.3721,5.0047
CS_5057_5_B_119_4_1,0.1067,1.4423,0.3119,0.3174,0.3486,0.2003,0.5816,9.1514,2.6269,2.5632,3.249,1.8816,8.6598
CS_5057_5_B_11_1_1,0.0422,0.3139,0.0735,0.0685,0.0925,0.0652,0.1992,5.5633,1.6838,1.5333,2.1951,1.5512,5.3778
CS_5057_5_B_11_2_1,0.0354,0.2334,0.0516,0.0515,0.0651,0.0468,0.1318,5.0077,1.2233,1.4408,1.8473,1.3295,4.9128
CS_5057_5_B_11_2_2,0.0354,0.2334,0.0516,0.0515,0.0651,0.0468,0.1318,5.0077,1.2233,1.4408,1.8473,1.3295,4.9128
CS_5057_5_B_11_3_1,0.1313,1.4171,0.273,0.2713,0.3005,0.1972,0.6037,4.8724,1.2683,1.1359,2.2375,1.497,4.5394
CS_5057_5_B_11_3_2,0.1313,1.4171,0.273,0.2713,0.3005,0.1972,0.6037,4.8724,1.2683,1.1359,2.2375,1.497,4.5394
CS_5057_5_B_11_4_1,0.0356,0.2241,0.0525,0.0554,0.0693,0.0491,0.1408,4.6727,1.459,1.4668,1.9524,1.3825,4.6468
CS_5057_5_B_11_4_2,0.0356,0.2241,0.0525,0.0554,0.0693,0.0491,0.1408,4.6727,1.459,1.4668,1.9524,1.3825,4.6468
CS_5057_5_B_120_1_1,0.0703,0.5957,0.1425,0.1475,0.1755,0.1147,0.2954,5.3283,1.8673,1.941,2.4897,1.6377,5.3394
CS_5057_5_B_120_2_1,0.1103,1.1352,0.1995,0.1903,0.2314,0.1531,0.514,5.3615,1.0403,1.0541,1.9537,1.3896,5.1708
CS_5057_5_B_120_3_1,0.1027,0.95,0.1917,0.1822,0.2201,0.1469,0.3789,4.5857,1.0781,1.2693,2.068,1.4343,4.4533
CS_5057_5_B_120_4_1,0.0621,0.4218,0.0979,0.1017,0.118,0.0839,0.2118,3.9285,1.3159,1.4833,1.8778,1.3563,3.9572
CS_5057_5_B_121_1_1,0.0971,0.9551,0.1953,0.2153,0.2401,0.1582,0.5,5.5102,1.494,1.7152,2.4366,1.6348,5.2822
CS_5057_5_B_121_2_1,0.0714,0.5577,0.1306,0.1311,0.1604,0.11,0.3049,4.5688,1.6218,1.6052,2.2358,1.5472,4.4594
CS_5057_5_B_121_3_1,0.0934,0.812,0.1819,0.1756,0.1996,0.137,0.3531,4.4427,1.5378,1.4375,2.1191,1.4728,4.297
CS_5057_5_B_121_4_1,0.0904,0.9612,0.2039,0.2137,0.2332,0.1461,0.3989,6.7241,1.9098,2.0724,2.5726,1.6212,6.3652
CS_5057_5_B_122_1_1,0.12,1.2295,0.2515,0.2556,0.2815,0.183,0.5,4.8279,1.444,1.6186,2.2884,1.5283,4.6433
CS_5057_5_B_122_2_1,0.0647,0.5086,0.1024,0.1048,0.1236,0.0864,0.2308,4.9385,1.3908,1.5135,1.9163,1.3362,4.8319
CS_5057_5_B_122_3_1,0.1261,1.3977,0.2888,0.2633,0.3263,0.2118,0.6941,5.4646,1.3525,1.0627,2.517,1.684,5.2309
CS_5057_5_B_122_4_1,0.1272,1.4155,0.3069,0.2989,0.3445,0.2224,0.6463,5.4556,1.7209,1.5711,2.603,1.7503,5.2889
CS_5057_5_B_123_1_1,0.1312,2.0921,0.4704,0.4869,0.5573,0.3019,0.9054,10.7974,3.0675,3.326,4.2265,2.3077,10.1562
CS_5057_5_B_123_2_1,0.1379,1.4434,0.2826,0.2777,0.3169,0.2106,0.6429,4.1368,0.9648,1.1415,2.2125,1.5276,4.0584
CS_5057_5_B_123_3_1,0.0849,0.789,0.1565,0.1537,0.1893,0.1264,0.3997,5.5132,1.5016,1.506,2.2335,1.4947,5.3011
CS_5057_5_B_123_4_1,0.0599,0.5221,0.0984,0.0971,0.1203,0.0816,0.248,6.0845,1.4541,1.5623,2.013,1.3674,5.8423
CS_5057_5_B_124_1_1,0.0946,0.8982,0.1715,0.1674,0.205,0.1388,0.4369,5.2633,1.5391,1.5081,2.1466,1.4732,5.1239
CS_5057_5_B_124_2_1,0.149,1.8225,0.3494,0.3301,0.3983,0.2468,0.8592,5.6192,1.3304,1.2712,2.5341,1.6472,5.358
CS_5057_5_B_124_3_1,0.1188,1.2682,0.2579,0.2628,0.2994,0.1925,0.5418,5.375,1.5653,1.3349,2.4875,1.6248,5.0858
CS_5057_5_B_124_4_1,0.0646,0.5583,0.1069,0.1044,0.1333,0.0917,0.2843,5.7887,1.3565,1.4707,2.0654,1.4249,5.5124
CS_5057_5_B_125_1_1,0.1244,1.7186,0.3692,0.3694,0.4303,0.25,0.7074,8.6664,2.3665,2.4196,3.3943,2.0121,8.2345
CS_5057_5_B_125_2_1,0.1237,2.6064,0.7518,0.752,0.9935,0.5062,1.3174,16.9854,5.7117,5.8837,7.9653,4.1077,16.0476
CS_5057_5_B_125_3_1,0.0731,0.6222,0.1257,0.1219,0.1383,0.0978,0.2692,5.2321,1.5807,1.5442,1.8956,1.3424,4.945
CS_5057_5_B_125_4_1,0.0915,0.8649,0.1623,0.1686,0.1839,0.1243,0.3715,5.3757,1.4775,1.5727,1.9906,1.3599,5.2265
CS_5057_5_B_129_1_1,0.0936,0.9153,0.1702,0.1627,0.1987,0.1315,0.4044,5.6331,1.4863,1.3494,2.1068,1.4064,5.3715
CS_5057_5_B_130_1_1,0.0789,0.9263,0.2157,0.2142,0.2618,0.1585,0.4397,8.4554,2.358,2.4538,3.2864,2.0108,8.0886
CS_5057_5_B_130_2_1,0.0997,1.2569,0.3155,0.3202,0.3784,0.2342,0.6424,8.4655,2.9632,2.9306,3.7729,2.3562,8.0961
CS_5057_5_B_130_3_1,0.1013,1.3838,0.3433,0.3442,0.417,0.2525,0.6904,9.5564,2.9221,3.229,4.1224,2.4998,9.0774
CS_5057_5_B_131_1_1,0.1232,1.6664,0.405,0.3957,0.4612,0.2629,0.6972,8.4013,2.7665,2.5578,3.6682,2.1394,7.9073
CS_5057_5_B_131_2_1,0.0987,0.9404,0.2054,0.2038,0.2476,0.1669,0.4719,5.0957,1.7439,1.628,2.4999,1.6953,5.0166
CS_5057_5_B_131_3_1,0.1023,1.1541,0.2821,0.262,0.3126,0.1901,0.4865,6.877,2.2352,2.0516,2.9504,1.8665,6.5676
CS_5057_5_B_131_4_1,0.0526,0.3436,0.0747,0.0743,0.0884,0.0647,0.1668,4.1286,1.2421,1.257,1.6075,1.235,3.9628
CS_5057_5_B_132_1_1,0.1044,1.0165,0.1993,0.2002,0.2248,0.1502,0.4315,5.0444,1.3492,1.3858,2.048,1.4428,4.8638
CS_5057_5_B_132_2_1,0.1102,1.1293,0.2505,0.2371,0.2811,0.1792,0.4931,5.3215,1.5761,1.6189,2.5132,1.6306,5.1268
CS_5057_5_B_132_3_1,0.0835,0.6067,0.1316,0.1309,0.1516,0.1093,0.2659,3.3701,1.2681,1.2306,1.7977,1.3133,3.2936
CS_5057_5_B_132_4_1,0.0723,0.5111,0.111,0.1088,0.1304,0.094,0.2293,3.7267,1.2258,1.1626,1.8084,1.3055,3.6102
CS_5057_5_B_133_1_1,0.0824,0.6586,0.1396,0.1457,0.1632,0.1132,0.3033,4.2213,1.408,1.3449,1.973,1.3774,3.991
CS_5057_5_B_133_2_1,0.0701,0.4946,0.1075,0.109,0.1261,0.0913,0.2232,3.8132,1.3133,1.362,1.7989,1.3069,3.6254
CS_5057_5_B_133_3_1,0.0781,0.6418,0.1484,0.1439,0.1731,0.1211,0.3167,4.6752,1.6803,1.575,2.2123,1.556,4.5763
CS_5057_5_B_133_4_1,0.0883,0.8825,0.1991,0.1976,0.229,0.1503,0.3779,6.1194,2.0232,1.9167,2.5028,1.7091,5.8368
CS_5057_5_B_134_1_1,0.067,0.6204,0.1348,0.1453,0.1567,0.1021,0.2767,6.3425,1.7715,2.0657,2.3356,1.5308,6.089
CS_5057_5_B_134_2_1,0.1068,1.065,0.2113,0.2001,0.2417,0.1603,0.483,5.1845,1.6128,1.342,2.2356,1.4997,5.0173
CS_5057_5_B_134_3_1,0.0747,0.5747,0.1193,0.1182,0.1407,0.0993,0.2476,4.2754,1.3074,1.3402,1.8631,1.3348,4.1415
CS_5057_5_B_134_4_1,0.1045,1.1304,0.2534,0.2529,0.3023,0.1942,0.5363,6.2471,1.823,1.7358,2.8053,1.859,6.0126
CS_5057_5_B_137_1_1,0.1009,0.9802,0.1813,0.1677,0.2071,0.1387,0.4369,5.189,1.2691,0.9772,2.0381,1.3738,4.9956
CS_5057_5_B_137_2_1,0.1147,1.2928,0.2498,0.2565,0.2888,0.1808,0.5333,6.2476,1.5511,1.7159,2.4996,1.5739,6.3823
CS_5057_5_B_137_3_1,0.075,0.558,0.1207,0.1212,0.1459,0.1029,0.2698,3.9818,1.3846,1.3264,1.9301,1.376,3.8999
CS_5057_5_B_137_4_1,0.108,1.0697,0.2058,0.2039,0.251,0.1707,0.565,5.0572,1.3463,1.1711,2.3051,1.5877,4.8709
CS_5057_5_B_138_1_1,0.0756,0.644,0.1542,0.1543,0.1902,0.1301,0.3845,5.1329,1.7227,1.8067,2.4933,1.728,4.9675
CS_5057_5_B_138_2_1,0.0778,0.7569,0.147,0.1505,0.1872,0.1247,0.439,6.3383,1.734,1.6206,2.4094,1.6096,6.1099
CS_5057_5_B_138_3_1,0.1228,1.4651,0.3059,0.2814,0.3459,0.2128,0.6837,6.6086,1.8548,1.5454,2.7568,1.7385,6.2492
CS_5057_5_B_138_4_1,0.0934,0.8401,0.1847,0.1732,0.2034,0.1391,0.3792,4.765,1.5691,1.564,2.1587,1.4924,4.6637
CS_5057_5_B_139_1_1,0.0795,0.6814,0.1294,0.1217,0.1467,0.1018,0.2885,4.9859,1.3362,1.2296,1.7849,1.2797,4.7288
CS_5057_5_B_139_2_1,0.0832,0.7805,0.1904,0.1923,0.228,0.1483,0.3896,5.6958,2.0508,1.7142,2.7402,1.7869,5.492
CS_5057_5_B_139_3_1,0.0817,0.7187,0.1416,0.138,0.1669,0.1139,0.3489,5.1385,1.4091,1.2866,2.0337,1.4001,4.9177
CS_5057_5_B_139_4_1,0.0919,0.8338,0.1588,0.1498,0.1806,0.1218,0.3432,4.9234,1.0146,1.2856,1.9044,1.3276,4.7235
CS_5057_5_B_140_1_1,0.0773,0.6043,0.1233,0.121,0.1414,0.1006,0.274,4.2908,1.3601,1.3899,1.8348,1.3068,4.1937
CS_5057_5_B_140_2_1,0.1157,1.2491,0.2323,0.2131,0.263,0.1659,0.525,5.6681,1.3566,1.2053,2.241,1.4215,5.4759
CS_5057_5_B_140_3_1,0.0969,0.8693,0.1667,0.1602,0.1864,0.1285,0.3643,4.5708,1.3246,1.2279,1.922,1.331,4.3396
CS_5057_5_B_140_4_1,0.1064,0.9585,0.19,0.1841,0.2167,0.1487,0.4106,4.123,1.2721,1.2168,2.02,1.4027,4.0017
CS_5057_5_B_141_1_1,0.0623,0.4317,0.0925,0.0915,0.1102,0.0794,0.2099,4.0708,1.2795,1.3351,1.7725,1.2769,3.9095
CS_5057_5_B_141_2_1,0.1007,1.2232,0.2844,0.2661,0.3227,0.1955,0.5549,7.9142,2.5343,2.0451,3.2142,1.9476,7.5449
CS_5057_5_B_141_3_1,0.1065,1.0512,0.2214,0.2042,0.2479,0.1646,0.4968,5.0878,1.3606,1.4623,2.2406,1.5476,4.9909
CS_5057_5_B_141_4_1,0.06,0.3938,0.0912,0.0872,0.1051,0.0764,0.1884,3.7881,1.4019,1.3262,1.7544,1.2786,3.6873
CS_5057_5_B_142_1_1,0.107,0.9717,0.2174,0.2099,0.2387,0.1618,0.4328,4.1812,1.5784,1.3842,2.134,1.5043,3.9821
CS_5057_5_B_142_2_1,0.0437,0.287,0.0662,0.0643,0.0767,0.0544,0.1429,4.5752,1.4219,1.3795,1.7598,1.2497,4.4825
CS_5057_5_B_142_3_1,0.0847,0.6576,0.1306,0.1346,0.1515,0.1089,0.28,3.8631,1.2017,1.2623,1.7808,1.285,3.7627
CS_5057_5_B_142_4_1,0.0874,0.6359,0.1351,0.1334,0.1548,0.1125,0.2714,3.1877,1.1552,1.2368,1.7631,1.2904,3.105
CS_5057_5_B_17_1_1,0.0648,0.4622,0.1022,0.1016,0.1157,0.0836,0.2097,4.1579,1.3642,1.3817,1.7915,1.2945,4.155
CS_5057_5_B_18_1_1,0.1242,1.2466,0.263,0.2433,0.3095,0.2055,0.6589,4.3668,1.3499,1.1941,2.4722,1.6489,4.22
CS_5057_5_B_18_2_1,0.1349,1.4907,0.2909,0.2674,0.3165,0.206,0.6511,4.9837,1.1455,1.3476,2.2816,1.5323,4.7165
CS_5057_5_B_18_3_1,0.11,0.9933,0.2095,0.2111,0.2622,0.1776,0.5309,3.9661,1.3143,1.4989,2.3597,1.6194,3.8353
CS_5057_5_B_18_4_1,0.0929,0.9129,0.2064,0.1929,0.2452,0.1632,0.5482,5.7186,1.7952,1.7588,2.6455,1.7642,5.6202
CS_5057_5_B_19_1_1,0.116,1.3345,0.267,0.2315,0.3166,0.1943,0.6947,6.4485,1.6458,1.3586,2.6915,1.681,6.4238
CS_5057_5_B_19_2_1,0.1199,1.4341,0.2953,0.2937,0.336,0.2092,0.6125,6.7863,1.7285,2.12,2.7576,1.7494,6.3879
CS_5057_5_B_19_3_1,0.0927,0.8742,0.174,0.1717,0.2086,0.1413,0.4611,5.2803,1.3784,1.4751,2.253,1.5279,5.0963
CS_5057_5_B_19_4_1,0.0645,0.6022,0.1386,0.143,0.1873,0.1248,0.4321,6.5331,2.0699,2.2112,2.8566,1.9426,6.2406
CS_5057_5_B_1_1_1,0.053,0.3651,0.0853,0.086,0.1096,0.0769,0.2212,4.4787,1.5327,1.5947,2.0757,1.4571,4.3415
CS_5057_5_B_1_2_1,0.0346,0.1936,0.0481,0.0485,0.0608,0.0447,0.1164,4.0039,1.3854,1.338,1.7636,1.2957,3.9565
CS_5057_5_B_1_3_1,0.0809,0.7203,0.1338,0.1435,0.1707,0.1175,0.3995,5.2914,1.36,1.5093,2.1102,1.4588,5.0654
CS_5057_5_B_20_1_1,0.0893,0.8862,0.168,0.1558,0.2129,0.1372,0.496,5.9893,1.6256,1.4856,2.37,1.5417,5.8033
CS_5057_5_B_20_2_1,0.0486,0.3704,0.0769,0.0758,0.0981,0.0681,0.2234,5.4504,1.4117,1.5425,2.0218,1.4061,5.3498
CS_5057_5_B_20_3_1,0.0745,0.5817,0.1279,0.1297,0.1638,0.1134,0.3445,4.4092,1.4151,1.4762,2.104,1.5282,4.2782
CS_5057_5_B_20_4_1,0.0744,0.4867,0.1067,0.1074,0.1199,0.0898,0.2042,3.046,1.1863,1.1681,1.6098,1.2115,2.9192
CS_5057_5_B_21_1_1,0.1292,1.2603,0.2417,0.237,0.2549,0.1737,0.467,3.7813,1.1345,1.12,1.8608,1.3457,3.6307
CS_5057_5_B_22_1_1,0.0972,1.0435,0.2143,0.2208,0.2475,0.1572,0.4803,6.5159,1.8229,1.8471,2.5556,1.6244,6.3051
CS_5057_5_B_22_2_1,0.0814,0.7304,0.1562,0.1572,0.1947,0.1326,0.4196,5.3431,1.6117,1.6315,2.3419,1.6363,5.2528
CS_5057_5_B_22_3_1,0.0982,0.8896,0.1862,0.1874,0.2283,0.1518,0.4897,4.5999,1.5252,1.5582,2.3103,1.5517,4.6582
CS_5057_5_B_23_1_1,0.0774,0.6265,0.1479,0.1429,0.1803,0.1262,0.3874,4.5759,1.6249,1.4829,2.3291,1.6367,4.5655
CS_5057_5_B_23_2_1,0.0645,0.4741,0.1128,0.1122,0.1439,0.1002,0.2844,4.4081,1.552,1.6395,2.2358,1.5598,4.3342
CS_5057_5_B_23_3_1,0.0946,0.8202,0.1761,0.1771,0.2053,0.141,0.3804,4.3471,1.3736,1.572,2.1678,1.4916,4.2537
CS_5057_5_B_23_4_1,0.0893,0.8367,0.1754,0.1673,0.2116,0.1434,0.4687,5.3879,1.8054,1.1573,2.3643,1.6121,5.2259
CS_5057_5_B_24_1_1,0.1105,0.9927,0.1895,0.1928,0.2075,0.1441,0.3741,3.8846,1.2182,1.2376,1.7946,1.3023,3.7094
CS_5057_5_B_24_2_1,0.1118,1.1952,0.2179,0.2122,0.2765,0.1794,0.7078,5.7493,1.1888,1.3653,2.3579,1.6112,5.6122
CS_5057_5_B_24_3_1,0.0892,0.8977,0.1625,0.1587,0.2013,0.1344,0.5038,6.1533,1.5052,1.309,2.2302,1.5079,5.9863
CS_5057_5_B_24_4_1,0.1405,1.4545,0.2761,0.2719,0.3046,0.2033,0.6236,3.8705,0.8086,1.1007,2.0645,1.4391,3.7958
CS_5057_5_B_25_1_1,0.1298,1.38,0.2904,0.2758,0.3375,0.2234,0.7446,4.7572,1.4413,0.9271,2.5487,1.7279,4.5298
CS_5057_5_B_25_2_1,0.1564,2.7228,0.6237,0.6605,0.8318,0.4471,1.4187,11.3616,3.0994,2.9715,5.2113,2.8651,10.7673
CS_5057_5_B_25_3_1,0.11,1.0587,0.2105,0.2104,0.2385,0.1611,0.467,4.6327,1.5043,1.1888,2.0651,1.4685,4.4288
CS_5057_5_B_25_4_1,0.083,0.8726,0.1713,0.1742,0.2116,0.14,0.4578,6.9295,1.7425,1.7065,2.528,1.6896,6.6184
CS_5057_5_B_26_1_1,0.0818,0.8419,0.1588,0.1583,0.1714,0.1145,0.3046,6.7456,1.592,1.8294,2.0963,1.4048,6.3725
CS_5057_5_B_26_2_1,0.0844,0.7709,0.149,0.1482,0.1835,0.1245,0.3753,5.3602,1.4075,1.4305,2.1211,1.4796,5.2353
CS_5057_5_B_26_3_1,0.085,0.9747,0.164,0.1689,0.2211,0.1436,0.59,7.8817,1.3028,1.6929,2.5618,1.6956,7.5808
CS_5057_5_B_26_4_1,0.1034,1.1253,0.1953,0.2027,0.2519,0.1588,0.5803,6.3752,1.4557,1.5774,2.3799,1.5314,6.1791
CS_5057_5_B_27_1_1,0.0849,0.8144,0.1578,0.1562,0.1989,0.1336,0.4767,5.8462,1.6877,1.4518,2.3409,1.5799,5.6532
CS_5057_5_B_27_2_1,0.0904,1.0197,0.1865,0.193,0.2419,0.1589,0.6177,7.4321,1.6369,1.6271,2.4776,1.7619,7.1092
CS_5057_5_B_27_3_1,0.0789,1.3423,0.3328,0.293,0.4136,0.2331,0.6991,14.1915,3.2153,3.3749,5.1835,2.9639,13.5756
CS_5057_5_B_27_4_1,0.0819,0.6477,0.1475,0.1448,0.1683,0.1174,0.305,4.1577,1.5465,1.2829,2.0413,1.4396,4.0116
CS_5057_5_B_28_1_1,0.0733,0.5689,0.1386,0.132,0.1675,0.117,0.3388,4.4192,1.5227,1.6794,2.291,1.6025,4.3323
CS_5057_5_B_28_2_1,0.085,0.8025,0.1566,0.1474,0.1847,0.1249,0.4009,5.6777,1.4144,1.2651,2.176,1.4695,5.4759
CS_5057_5_B_28_3_1,0.0967,1.009,0.1905,0.1988,0.2135,0.1404,0.4173,6.1941,1.5956,1.6667,2.1574,1.4555,5.8294
CS_5057_5_B_28_4_1,0.096,0.9115,0.178,0.1786,0.2006,0.1371,0.3894,5.1931,1.3349,1.5214,2.0825,1.4315,4.8918
CS_5057_5_B_29_1_1,0.1077,1.327,0.1979,0.2411,0.2917,0.1735,0.8184,7.7677,1.371,1.6783,2.6497,1.6166,7.4607
CS_5057_5_B_29_2_1,0.0608,0.4147,0.0936,0.0916,0.1092,0.0792,0.1969,4.027,1.402,1.2027,1.7821,1.3072,3.8392
CS_5057_5_B_29_3_1,0.1634,2.455,0.421,0.4535,0.5156,0.2932,1.1569,8.1984,1.5141,1.2842,2.7547,1.7918,7.6903
CS_5057_5_B_29_4_1,0.1366,2.2374,0.2621,0.3783,0.4492,0.2296,1.3071,11.0547,1.0558,1.7585,3.0091,1.6414,10.5129
CS_5057_5_B_2_1_1,0.1139,1.0923,0.2243,0.2118,0.2371,0.1608,0.4765,4.3969,1.3925,1.296,1.9806,1.4161,4.1967
CS_5057_5_B_2_2_1,0.1076,1.1092,0.2083,0.2128,0.2612,0.1744,0.6066,5.5283,1.5281,1.1582,2.431,1.6281,5.2228
CS_5057_5_B_2_3_1,0.0714,0.638,0.1202,0.1195,0.1278,0.0894,0.2422,5.7797,1.3918,1.4911,1.7269,1.2574,5.5796
CS_5057_5_B_2_4_1,0.1244,1.2825,0.2517,0.2486,0.2875,0.1937,0.6324,4.67,1.1489,1.4045,2.2157,1.5538,4.4369
CS_5057_5_B_30_1_1,0.0993,0.9243,0.1827,0.196,0.2304,0.1548,0.5087,4.8224,1.476,1.3647,2.3059,1.563,4.8687
CS_5057_5_B_30_2_1,0.1478,1.578,0.3361,0.3338,0.3557,0.2369,0.6297,3.8598,1.3567,0.9913,2.2794,1.6068,3.7669
CS_5057_5_B_30_3_1,0.0886,0.7976,0.1593,0.1537,0.1812,0.1231,0.3467,5.0172,1.437,1.3438,2.0411,1.3949,4.7417
CS_5057_5_B_30_4_1,0.1014,1.0295,0.2175,0.2107,0.2537,0.1699,0.5233,5.6584,1.5651,1.486,2.476,1.6803,5.505
CS_5057_5_B_31_1_1,0.1063,0.8875,0.1808,0.1776,0.1954,0.1386,0.3366,3.3982,1.1019,1.2893,1.7977,1.3096,3.2294
CS_5057_5_B_31_2_1,0.1253,1.5227,0.2637,0.2761,0.3303,0.2118,0.8121,6.7267,1.2594,1.4616,2.5953,1.682,6.3212
CS_5057_5_B_31_3_1,0.1303,1.4021,0.2482,0.2618,0.2843,0.1873,0.5904,4.88,1.2322,1.0277,2.1399,1.4356,4.7066
CS_5057_5_B_31_4_1,0.1636,2.1374,0.4308,0.4318,0.5117,0.3149,1.164,5.8416,1.1926,1.4245,2.935,1.9088,5.7887
CS_5057_5_B_32_1_1,0.1084,1.1728,0.2031,0.2192,0.2495,0.1622,0.5533,6.0524,1.0625,1.4055,2.1793,1.4983,5.9726
CS_5057_5_B_32_2_1,0.1288,1.5177,0.2972,0.306,0.3134,0.1952,0.591,6.1405,1.6102,1.7944,2.3481,1.515,5.8898
CS_5057_5_B_32_3_1,0.1324,1.7027,0.3262,0.3244,0.3627,0.2178,0.7561,7.1976,1.7823,1.8397,2.7478,1.6347,6.7418
CS_5057_5_B_32_4_1,0.0674,0.6611,0.126,0.1182,0.1503,0.0989,0.3462,6.9125,1.6277,1.641,2.2365,1.4735,6.5611
CS_5057_5_B_33_1_1,0.1338,1.8546,0.4564,0.4479,0.5285,0.3028,0.7624,8.2744,2.477,2.6789,3.7256,2.2689,7.7901
CS_5057_5_B_33_2_1,0.1471,1.6935,0.3168,0.3216,0.328,0.2073,0.5928,4.8747,1.2557,1.4429,2.2077,1.4056,4.6027
CS_5057_5_B_33_3_1,0.1317,1.4292,0.2842,0.271,0.3383,0.2221,0.7353,4.9071,1.2749,1.1313,2.4167,1.6817,4.8107
CS_5057_5_B_33_4_1,0.1269,1.9175,0.2361,0.3155,0.3781,0.2004,0.978,10.048,1.1025,1.8706,2.8875,1.5843,9.543
CS_5057_5_B_34_1_1,0.1066,1.1168,0.1956,0.2022,0.2334,0.1522,0.5043,5.756,1.3806,1.2989,2.1616,1.4331,5.45
CS_5057_5_B_34_2_1,0.1204,1.7259,0.4159,0.3843,0.4683,0.2659,0.7544,9.4464,2.9945,2.8071,3.8436,2.2162,8.9655
CS_5057_5_B_34_3_1,0.1392,1.6074,0.3038,0.2935,0.3309,0.2157,0.6835,5.3342,1.1263,1.22,2.2537,1.528,5.0162
CS_5057_5_B_34_4_1,0.1014,1.3878,0.3052,0.2976,0.3928,0.2436,0.8541,9.5901,2.7622,2.4506,3.8581,2.4121,9.2474
CS_5057_5_B_35_1_1,0.1249,1.2585,0.253,0.2475,0.2712,0.1795,0.4769,4.3761,1.1954,1.3955,2.0884,1.4352,4.2525
CS_5057_5_B_35_2_1,0.09,0.7522,0.1575,0.1618,0.1896,0.1306,0.3841,4.2417,1.492,1.3953,2.095,1.4571,4.1525
CS_5057_5_B_35_3_1,0.1226,1.2849,0.2506,0.2524,0.2695,0.1775,0.4885,4.9581,1.3744,1.3402,2.1383,1.4491,4.6395
CS_5057_5_B_35_4_1,0.1188,1.2631,0.2446,0.2585,0.2996,0.1977,0.6813,5.3196,1.4018,1.7012,2.4741,1.6391,5.0456
CS_5057_5_B_36_1_1,0.1213,1.3833,0.2879,0.2884,0.3269,0.2074,0.6297,6.0756,1.6619,1.569,2.6651,1.6981,5.7294
CS_5057_5_B_36_2_1,0.1265,1.2963,0.2748,0.2673,0.2961,0.1949,0.5592,4.4908,1.3428,1.4419,2.2792,1.5321,4.3015
CS_5057_5_B_36_3_1,0.1077,1.1354,0.2246,0.2197,0.2593,0.1727,0.5608,5.7737,1.7233,1.2972,2.4128,1.6076,5.4167
CS_5057_5_B_36_4_1,0.119,1.2537,0.264,0.2523,0.2847,0.1871,0.5359,5.2036,1.769,1.3789,2.373,1.5766,4.884
CS_5057_5_B_37_1_1,0.1072,0.9426,0.211,0.2022,0.2452,0.1712,0.4875,3.8513,1.5335,1.5306,2.2884,1.6019,3.7577
CS_5057_5_B_37_2_1,0.1017,0.8408,0.2012,0.1861,0.23,0.1608,0.462,3.5388,1.4376,1.4133,2.2214,1.5866,3.4164
CS_5057_5_B_37_3_1,0.1005,0.9594,0.1968,0.1869,0.2272,0.1527,0.4872,5.0218,1.5843,1.4562,2.2271,1.5253,4.9775
CS_5057_5_B_37_4_1,0.1051,1.0359,0.2087,0.2075,0.243,0.1636,0.5418,5.1357,1.3149,1.542,2.255,1.5619,4.9579
CS_5057_5_B_38_1_1,0.1397,1.433,0.3016,0.2943,0.3581,0.2274,0.6151,3.8079,1.2138,1.2797,2.5088,1.6171,3.5756
CS_5057_5_B_38_2_1,0.0892,0.8484,0.1684,0.173,0.2075,0.1408,0.4401,5.5524,1.5501,1.5102,2.2932,1.5852,5.2956
CS_5057_5_B_38_3_1,0.1167,1.1792,0.2534,0.2554,0.2916,0.1927,0.5366,4.8317,1.4159,1.6148,2.4791,1.6558,4.6328
CS_5057_5_B_38_4_1,0.1196,1.4176,0.2636,0.2791,0.3144,0.198,0.5986,6.6666,1.5199,1.7981,2.5534,1.6586,6.3216
CS_5057_5_B_39_1_1,0.069,0.6759,0.1378,0.1347,0.1554,0.1035,0.293,6.8136,1.9039,1.7387,2.2553,1.5049,6.4965
CS_5057_5_B_39_2_1,0.0914,0.8631,0.1687,0.1683,0.2132,0.1417,0.4987,5.3709,1.5935,1.4704,2.2685,1.5567,5.3535
CS_5057_5_B_39_3_1,0.0994,0.9559,0.1935,0.1943,0.2307,0.1549,0.4777,5.1655,1.5552,1.4652,2.3178,1.5635,5.0472
CS_5057_5_B_39_4_1,0.0809,0.6856,0.1609,0.1699,0.1949,0.1343,0.3886,4.8157,1.6913,1.9767,2.4126,1.6637,4.7172
CS_5057_5_B_3_1_1,0.0716,0.6302,0.1215,0.1132,0.1455,0.1003,0.3385,5.6257,1.3067,1.4587,2.0348,1.4067,5.3724
CS_5057_5_B_3_2_1,0.0943,0.879,0.1745,0.1801,0.209,0.1405,0.4295,5.0863,1.5537,1.5708,2.2171,1.4953,4.8602
CS_5057_5_B_3_3_1,0.0923,0.8131,0.1667,0.1736,0.2039,0.1375,0.4344,4.6224,1.4054,1.568,2.1709,1.4934,4.5086
CS_5057_5_B_3_4_1,0.0824,0.7152,0.1376,0.1383,0.1683,0.1156,0.3594,4.977,1.3911,1.3191,2.021,1.4065,4.7456
CS_5057_5_B_40_1_1,0.0742,0.632,0.1335,0.1352,0.16,0.1099,0.3155,5.1983,1.2914,1.6213,2.1359,1.4876,5.0367
CS_5057_5_B_40_2_1,0.1289,1.578,0.2839,0.2602,0.3178,0.1957,0.6874,6.6511,0.3418,1.4729,2.1019,1.4709,6.3548
CS_5057_5_B_40_3_1,0.1137,1.3957,0.3014,0.2985,0.3463,0.2111,0.6218,7.4428,1.9686,1.5198,3.0414,1.8628,7.0602
CS_5057_5_B_40_4_1,0.0504,0.3978,0.0919,0.0913,0.1202,0.0838,0.2582,5.6511,1.6976,1.7048,2.3917,1.6677,5.4451
CS_5057_5_B_41_1_1,0.0989,1.0333,0.1891,0.1843,0.227,0.1493,0.5192,6.1092,1.3512,1.5624,2.2566,1.5136,5.9497
CS_5057_5_B_41_2_1,0.0806,0.9125,0.1543,0.1456,0.1945,0.1221,0.4687,7.9232,1.6881,1.5784,2.3903,1.5199,7.6045
CS_5057_5_B_41_3_1,0.1137,1.3957,0.3014,0.2985,0.3463,0.2111,0.6218,7.4428,1.9686,1.5198,3.0414,1.8628,7.0602
CS_5057_5_B_41_4_1,0.079,0.6506,0.1309,0.1316,0.1549,0.1078,0.2996,4.6531,1.3317,1.4779,1.9655,1.3646,4.4511
CS_5057_5_B_42_1_1,0.0954,0.8576,0.1841,0.1824,0.2218,0.1503,0.4459,4.6601,1.6373,1.5569,2.2376,1.5813,4.4409
CS_5057_5_B_42_2_1,0.0566,0.4602,0.1024,0.1002,0.1273,0.0882,0.2762,5.6116,1.7175,1.6337,2.2562,1.5626,5.4218
CS_5057_5_B_42_3_1,0.0947,0.9064,0.1854,0.1768,0.2057,0.1368,0.3952,5.3491,1.623,1.6001,2.1524,1.4504,5.0928
CS_5057_5_B_42_4_1,0.0576,0.5177,0.107,0.1105,0.142,0.0972,0.334,6.4826,1.8237,1.6341,2.4749,1.6937,6.3054
CS_5057_5_B_43_1_1,0.1442,1.6649,0.346,0.3456,0.3665,0.2242,0.5895,5.0644,1.4399,1.3716,2.4155,1.5559,4.6895
CS_5057_5_B_43_2_1,0.1298,1.4056,0.2883,0.2736,0.3271,0.2152,0.6784,4.9837,1.4084,1.1659,2.394,1.6557,4.8509
CS_5057_5_B_43_3_1,0.0984,0.9221,0.2004,0.19,0.2275,0.1557,0.459,4.9304,1.3903,1.4659,2.3065,1.5882,4.8009
CS_5057_5_B_43_4_1,0.1013,1.0245,0.2053,0.2002,0.2372,0.1579,0.4622,5.6164,1.4971,1.4005,2.2658,1.5643,5.32
CS_5057_5_B_44_1_1,0.0885,0.7672,0.1681,0.162,0.2052,0.1402,0.4208,4.6545,1.6088,1.5085,2.321,1.5903,4.5472
CS_5057_5_B_44_2_1,0.0827,0.7923,0.147,0.1542,0.1844,0.1237,0.412,5.9435,1.4517,1.5236,2.1355,1.5024,5.7228
CS_5057_5_B_44_3_1,0.119,1.2101,0.2509,0.2421,0.291,0.1893,0.6132,4.7889,1.4392,1.3181,2.3997,1.5957,4.7428
CS_5057_5_B_44_4_1,0.1145,1.4177,0.323,0.3218,0.3701,0.2252,0.6469,7.5134,2.4255,2.3815,3.2328,1.9738,7.2517
CS_5057_5_B_45_1_1,0.1416,1.8609,0.411,0.4065,0.4589,0.2754,0.768,7.0626,1.8003,2.2307,3.1628,1.9411,6.5992
CS_5057_5_B_45_2_1,0.097,1.0426,0.2042,0.1914,0.2483,0.1645,0.5814,6.5365,1.7612,1.441,2.5573,1.7028,6.2703
CS_5057_5_B_45_3_1,0.0567,0.4758,0.1027,0.0996,0.1277,0.0882,0.2707,5.8943,1.649,1.5384,2.2547,1.5619,5.6182
CS_5057_5_B_45_4_1,0.0592,0.5116,0.1057,0.1053,0.1323,0.0901,0.285,6.0468,1.7553,1.6095,2.2444,1.5288,5.8263
CS_5057_5_B_46_1_1,0.1053,1.0679,0.207,0.1935,0.2545,0.1723,0.6331,5.456,1.4354,1.4535,2.398,1.6411,5.3774
CS_5057_5_B_46_2_1,0.1143,1.4306,0.241,0.2181,0.2898,0.1757,0.6612,7.6863,1.0852,1.0319,2.1995,1.5404,7.4624
CS_5057_5_B_46_3_1,0.1005,1.111,0.1993,0.181,0.2435,0.156,0.5924,6.7108,1.4943,1.3432,2.4027,1.5592,6.3661
CS_5057_5_B_46_4_1,0.1689,2.2142,0.4174,0.4082,0.476,0.2868,1.0245,5.6062,1.1601,0.6727,2.5755,1.688,5.3537
CS_5057_5_B_47_1_1,0.1137,1.092,0.2173,0.217,0.2511,0.1687,0.4998,4.4158,1.4742,1.2782,2.1985,1.4876,4.2599
CS_5057_5_B_47_2_1,0.1706,2.3818,0.5436,0.552,0.6348,0.364,0.9944,6.543,1.8938,1.815,3.5227,2.135,6.1294
CS_5057_5_B_47_3_1,0.1188,1.4677,0.2958,0.2966,0.3268,0.2009,0.6341,7.277,1.8905,2.0906,2.7188,1.6785,6.9076
CS_5057_5_B_47_4_1,0.0499,0.3432,0.0739,0.075,0.0924,0.0662,0.184,4.6106,1.3985,1.3493,1.8477,1.3318,4.5191
CS_5057_5_B_48_1_1,0.1814,2.7004,0.6034,0.5907,0.6508,0.3668,1.0308,7.1034,1.8852,1.8495,3.3461,2.0207,6.5322
CS_5057_5_B_48_2_1,0.1599,1.9138,0.3689,0.3707,0.4217,0.2681,0.9188,4.7347,1.0086,1.1531,2.429,1.6722,4.4945
CS_5057_5_B_48_3_1,0.1195,1.2795,0.2559,0.2616,0.2934,0.1936,0.6,5.3772,1.5924,1.498,2.3149,1.6092,5.2034
CS_5057_5_B_48_4_1,0.0996,1.0086,0.2056,0.2092,0.2462,0.1631,0.5035,5.7094,1.6774,1.6561,2.3495,1.6413,5.4512
CS_5057_5_B_49_1_1,0.1415,1.5205,0.2896,0.2961,0.3315,0.2193,0.7263,4.2815,1.0683,1.239,2.1815,1.5353,4.1946
CS_5057_5_B_49_2_1,0.1254,1.4782,0.2884,0.2563,0.338,0.2056,0.736,6.3091,1.5305,1.3024,2.6527,1.6357,6.0558
CS_5057_5_B_49_3_1,0.1182,1.2247,0.2446,0.2397,0.2752,0.1784,0.5482,5.0522,1.0091,1.3725,2.267,1.511,4.9518
CS_5057_5_B_49_4_1,0.1065,1.1086,0.2243,0.2234,0.2771,0.1813,0.6096,5.6951,1.6924,1.5827,2.4764,1.709,5.6309
CS_5057_5_B_4_1_1,0.08,0.6549,0.1265,0.126,0.1469,0.104,0.2894,4.5561,1.2789,1.3104,1.8185,1.3062,4.3462
CS_5057_5_B_4_2_1,0.0695,0.5365,0.1218,0.1215,0.1526,0.1069,0.3177,4.5542,1.5833,1.5978,2.1951,1.5434,4.4679
CS_5057_5_B_4_3_1,0.0883,0.7406,0.147,0.1441,0.1648,0.1157,0.3225,4.3507,1.3068,1.2287,1.8204,1.3144,4.1265
CS_5057_5_B_4_4_1,0.1131,1.2198,0.2455,0.2469,0.2732,0.1752,0.5545,5.783,1.6948,1.5358,2.2382,1.5548,5.4109
CS_5057_5_B_50_1_1,0.1313,1.6565,0.3024,0.2736,0.3495,0.2113,0.8445,6.9591,1.4471,1.1707,2.6414,1.5903,6.7271
CS_5057_5_B_50_2_1,0.1151,1.2133,0.2463,0.2468,0.2948,0.1938,0.6505,5.4104,1.1558,1.3906,2.4551,1.6874,5.3005
CS_5057_5_B_50_3_1,0.0721,0.6313,0.1264,0.1221,0.1533,0.1047,0.3383,5.5515,1.5235,1.4195,2.0478,1.4582,5.4548
CS_5057_5_B_50_4_1,0.0863,0.7875,0.1578,0.1548,0.1808,0.1244,0.3738,5.2577,1.489,1.3458,2.0557,1.4419,5.037
CS_5057_5_B_51_1_1,0.1498,1.8062,0.366,0.344,0.383,0.2424,0.758,5.3781,1.4832,1.5185,2.4799,1.6076,5.1372
CS_5057_5_B_51_2_1,0.1755,2.5461,0.5002,0.4812,0.5473,0.3115,1.1717,6.9578,1.6444,0.9211,2.7928,1.7266,6.6111
CS_5057_5_B_51_3_1,0.1153,1.145,0.2337,0.2193,0.2452,0.1645,0.48,4.7151,1.3759,1.2305,2.0085,1.431,4.7125
CS_5057_5_B_51_4_1,0.1118,1.1683,0.2338,0.2216,0.2729,0.1821,0.6127,5.4794,1.4288,1.311,2.3293,1.6241,5.2085
CS_5057_5_B_52_1_1,0.1399,1.9283,0.3349,0.2783,0.375,0.2075,0.9187,7.8873,1.7498,1.2229,2.5388,1.4783,7.4365
CS_5057_5_B_52_2_1,0.0925,0.8038,0.1727,0.1698,0.2046,0.1409,0.4368,4.474,1.5538,1.6073,2.1782,1.5287,4.346
CS_5057_5_B_52_3_1,0.1129,1.2764,0.2283,0.1938,0.2576,0.1611,0.592,6.3878,1.35,1.0556,2.2254,1.4214,6.2166
CS_5057_5_B_52_4_1,0.1428,1.6876,0.3368,0.31,0.3784,0.2359,0.7717,5.4514,1.3577,1.2636,2.3683,1.6374,5.2205
CS_5057_5_B_53_1_1,0.1152,1.2319,0.238,0.2158,0.2677,0.1761,0.6056,5.5813,1.1326,1.001,2.2387,1.5306,5.5353
CS_5057_5_B_53_2_1,0.1134,1.0793,0.2198,0.2105,0.2445,0.1653,0.4757,4.3375,1.3963,1.402,2.1352,1.4565,4.2839
CS_5057_5_B_53_3_1,0.1134,1.0793,0.2198,0.2105,0.2445,0.1653,0.4757,4.3375,1.3963,1.402,2.1352,1.4565,4.2839
CS_5057_5_B_53_4_1,0.1215,1.3422,0.2396,0.2398,0.2838,0.1877,0.7154,5.658,1.0619,1.2465,2.261,1.5435,5.5104
CS_5057_5_B_54_1_1,0.1186,1.3053,0.2513,0.242,0.2801,0.1805,0.5845,5.7511,1.3875,1.3577,2.2965,1.5182,5.4319
CS_5057_5_B_54_2_1,0.1458,1.4969,0.2902,0.299,0.3142,0.2086,0.6002,3.4803,0.9653,1.0808,1.9582,1.4298,3.4041
CS_5057_5_B_54_3_1,0.1405,1.7538,0.3239,0.2929,0.375,0.224,0.849,6.342,1.2144,1.2263,2.5409,1.5738,5.9834
CS_5057_5_B_54_4_1,0.124,1.36,0.2513,0.248,0.2798,0.1815,0.5769,5.4469,1.1831,1.1762,2.0547,1.4508,5.2665
CS_5057_5_B_55_1_1,0.1198,1.3428,0.2547,0.2402,0.2963,0.1899,0.714,5.9363,1.3017,1.2571,2.4702,1.584,5.8673
CS_5057_5_B_55_2_1,0.1137,1.1768,0.2199,0.219,0.2499,0.1647,0.5395,5.2692,1.4668,1.4699,2.1732,1.4533,5.1862
CS_5057_5_B_55_3_1,0.1206,1.2059,0.2436,0.2358,0.2656,0.1748,0.4815,4.511,1.41,1.0787,2.1467,1.4536,4.4369
CS_5057_5_B_55_4_1,0.0967,0.9719,0.1813,0.1674,0.2143,0.141,0.5239,5.7715,1.3011,1.195,2.1772,1.4637,5.6037
CS_5057_5_B_56_1_1,0.1191,1.2987,0.2321,0.23,0.2676,0.1714,0.6021,5.6227,1.1107,1.3008,2.1839,1.4277,5.4816
CS_5057_5_B_56_2_1,0.129,1.44,0.275,0.2665,0.3128,0.2076,0.7393,5.4119,1.3594,1.4553,2.394,1.6099,5.2916
CS_5057_5_B_56_3_1,0.1394,1.6117,0.3025,0.3061,0.349,0.2198,0.7278,5.3341,1.0426,1.2752,2.2219,1.5566,5.1671
CS_5057_5_B_56_4_1,0.135,1.4548,0.2707,0.2776,0.3243,0.2155,0.7028,4.6524,1.2132,1.1655,2.2903,1.5993,4.4935
CS_5057_5_B_57_1_1,0.107,1.1435,0.2005,0.1925,0.2371,0.1565,0.5689,5.9788,1.1078,1.3748,2.0487,1.4531,5.9189
CS_5057_5_B_57_2_1,0.102,1.0741,0.2083,0.2143,0.2523,0.1668,0.5598,6.0437,1.6359,1.6096,2.4758,1.6409,5.801
CS_5057_5_B_57_3_1,0.1033,1.0509,0.2088,0.1993,0.2243,0.1498,0.4464,5.5855,1.7335,1.6403,2.1777,1.4557,5.2712
CS_5057_5_B_57_4_1,0.1474,2.0572,0.3484,0.2831,0.3719,0.2042,0.8345,7.7182,1.0602,0.9126,2.3892,1.3687,7.5795
CS_5057_5_B_58_1_1,0.1264,1.2501,0.2675,0.2648,0.3158,0.2143,0.6469,4.0838,1.3874,1.3187,2.4363,1.6887,4.027
CS_5057_5_B_58_2_1,0.114,0.9738,0.2237,0.2106,0.246,0.1737,0.4771,3.2041,1.3639,1.1798,2.1278,1.5169,3.18
CS_5057_5_B_58_3_1,0.1233,1.1924,0.2499,0.2586,0.2955,0.2003,0.6008,4.0045,1.1028,1.657,2.3639,1.6281,3.8766
CS_5057_5_B_58_4_1,0.1203,1.3171,0.2434,0.2316,0.2681,0.1736,0.578,5.6015,0.9073,1.3365,2.1017,1.4232,5.41
CS_5057_5_B_59_1_1,0.1311,1.535,0.2841,0.2842,0.3256,0.2132,0.8015,5.9356,1.2679,1.3033,2.3748,1.6176,5.6276
CS_5057_5_B_59_2_1,0.1704,1.9637,0.3786,0.3783,0.3842,0.2403,0.6736,3.6247,0.6407,0.8309,2.1341,1.3963,3.5289
CS_5057_5_B_59_3_1,0.1633,1.9893,0.377,0.3308,0.383,0.2396,0.7958,4.8039,1.119,0.9196,2.1887,1.4528,4.5575
CS_5057_5_B_59_4_1,0.1592,1.997,0.3824,0.3199,0.389,0.2344,0.8231,5.4582,1.0317,0.8182,2.2694,1.4567,5.1654
CS_5057_5_B_5_1_1,0.0853,0.8059,0.1587,0.1524,0.1956,0.1322,0.4513,5.6721,1.4607,1.4963,2.2447,1.5561,5.4129
CS_5057_5_B_5_2_1,0.1089,1.1003,0.2289,0.2167,0.2718,0.1835,0.6112,5.2237,1.5927,1.1638,2.4216,1.689,5.0057
CS_5057_5_B_5_3_1,0.1229,1.319,0.2471,0.2474,0.2633,0.1738,0.5037,5.2371,1.4705,1.5034,2.0961,1.4168,4.8446
CS_5057_5_B_60_1_1,0.1309,1.5304,0.2838,0.2767,0.3238,0.2103,0.7981,5.9241,1.2126,1.0378,2.2528,1.609,5.6517
CS_5057_5_B_60_2_1,0.0972,0.8247,0.1702,0.1733,0.2009,0.1387,0.3921,4.0198,1.234,1.2888,2.0056,1.4326,3.8797
CS_5057_5_B_60_3_1,0.1178,1.2689,0.2387,0.239,0.2921,0.1934,0.6546,5.5278,1.4582,1.2323,2.3185,1.6459,5.2496
CS_5057_5_B_60_4_1,0.1153,1.0377,0.22,0.2207,0.2461,0.1699,0.4495,3.654,1.3093,1.1476,2.0534,1.4787,3.5938
CS_5057_5_B_61_1_1,0.1168,1.1498,0.2241,0.2143,0.2584,0.1745,0.5608,4.5356,1.3109,1.4117,2.1104,1.4965,4.303
CS_5057_5_B_61_2_1,0.1226,1.1062,0.2386,0.2407,0.2754,0.1881,0.5445,3.2997,1.1348,1.3319,2.2303,1.5376,3.3054
CS_5057_5_B_61_3_1,0.1255,1.3052,0.2572,0.2548,0.2868,0.1911,0.5822,4.716,1.5155,1.2271,2.2109,1.5157,4.5336
CS_5057_5_B_61_4_1,0.1004,0.9507,0.1937,0.1858,0.2114,0.141,0.4051,4.9488,1.5712,1.4411,2.1139,1.4106,4.8047
CS_5057_5_B_62_1_1,0.1067,1.1828,0.2286,0.2388,0.3036,0.1973,0.7378,6.4434,1.9406,1.6121,2.8454,1.8572,6.2227
CS_5057_5_B_62_2_1,0.1729,2.6128,0.6078,0.5911,0.6888,0.3994,1.1721,7.8242,2.1716,1.4019,3.7429,2.2996,7.3211
CS_5057_5_B_62_3_1,0.1154,1.2559,0.2413,0.2323,0.2835,0.1862,0.6345,5.7739,1.3302,1.3726,2.3597,1.6158,5.4042
CS_5057_5_B_62_4_1,0.1229,1.5805,0.2762,0.2425,0.3249,0.1943,0.7596,7.6634,1.3678,1.3896,2.4332,1.5847,7.3313
CS_5057_5_B_63_1_1,0.1169,1.1877,0.2428,0.2423,0.2777,0.1812,0.529,4.8819,1.3024,1.4608,2.2952,1.5541,4.7827
CS_5057_5_B_63_2_1,0.0771,0.6679,0.1368,0.1322,0.1615,0.1103,0.3219,5.2128,1.5279,1.4138,2.0345,1.4347,4.9786
CS_5057_5_B_63_3_1,0.0856,0.7643,0.158,0.1491,0.1756,0.1218,0.3379,5.0771,1.5798,1.2439,2.0561,1.4275,4.9145
CS_5057_5_B_63_4_1,0.1265,1.3436,0.2601,0.2587,0.2826,0.1828,0.5055,4.9185,1.3108,1.1528,2.1534,1.4433,4.6794
CS_5057_5_B_64_1_1,0.0717,0.5295,0.1113,0.1097,0.1279,0.0908,0.227,4.0872,1.1816,1.2735,1.79,1.2703,4.0727
CS_5057_5_B_64_2_1,0.118,1.3308,0.3178,0.3098,0.3641,0.2284,0.6258,6.0897,1.9982,2.0601,3.077,1.9409,5.8245
CS_5057_5_B_64_3_1,0.0506,0.495,0.1144,0.1131,0.1288,0.0796,0.2222,7.6485,2.0181,2.2049,2.5566,1.5798,7.4039
CS_5057_5_B_64_4_1,0.0693,0.6344,0.1262,0.1256,0.1516,0.1042,0.2977,6.1199,1.5946,1.6093,2.1742,1.5098,5.8859
CS_5057_5_B_65_1_1,0.0792,0.6518,0.1435,0.1393,0.1708,0.1196,0.3462,4.6302,1.5404,1.482,2.1551,1.5151,4.5715
CS_5057_5_B_65_2_1,0.0862,0.8841,0.1683,0.1622,0.1887,0.1258,0.3816,6.5116,1.6242,1.6131,2.1668,1.4659,6.178
CS_5057_5_B_65_3_1,0.0926,1.0355,0.2285,0.2238,0.2518,0.1595,0.4532,7.2186,2.1276,2.073,2.7222,1.7287,7.0733
CS_5057_5_B_65_4_1,0.1353,1.945,0.4567,0.4518,0.5155,0.2844,0.7179,8.8071,2.4222,2.1425,3.4306,2.1012,8.3725
CS_5057_5_B_66_1_1,0.127,1.4491,0.3031,0.3016,0.3649,0.2344,0.7487,5.7933,1.6668,1.6221,2.7706,1.8466,5.5112
CS_5057_5_B_66_2_1,0.0884,0.8281,0.1825,0.1811,0.2145,0.1433,0.4207,5.4232,1.7477,1.6865,2.4291,1.6268,5.1807
CS_5057_5_B_66_3_1,0.0871,0.7812,0.1505,0.1538,0.1764,0.1211,0.348,5.0557,1.4241,1.4386,2.0101,1.3938,4.8841
CS_5057_5_B_66_4_1,0.1255,1.5044,0.2842,0.2985,0.3458,0.2196,0.7568,6.5288,1.7877,1.4758,2.6549,1.7447,6.1585
CS_5057_5_B_67_1_1,0.201,2.9477,0.6453,0.6294,0.7219,0.4169,1.3449,5.7811,0.9959,0.9115,2.9569,2.0141,5.531
CS_5057_5_B_67_2_1,0.1039,1.2009,0.2384,0.2384,0.2909,0.1792,0.6189,7.1024,1.595,1.7922,2.7631,1.7263,6.8107
CS_5057_5_B_67_3_1,0.0801,0.6596,0.1427,0.1456,0.162,0.1113,0.2807,4.5959,1.47,1.6035,2.0158,1.3946,4.4764
CS_5057_5_B_67_4_1,0.1105,1.2212,0.2381,0.2241,0.2749,0.1741,0.5885,6.2056,1.4295,1.6565,2.4839,1.5625,6.0859
CS_5057_5_B_68_1_1,0.0664,0.6492,0.1451,0.1465,0.1946,0.1302,0.4437,6.9165,2.0754,1.9363,2.942,1.9689,6.6476
CS_5057_5_B_68_2_1,0.0975,1.0403,0.2215,0.2216,0.2595,0.1658,0.5253,6.4234,1.9084,1.8487,2.607,1.707,6.3096
CS_5057_5_B_68_3_1,0.1094,1.1309,0.2235,0.2183,0.2743,0.1814,0.6092,5.4657,1.5491,1.688,2.4962,1.6632,5.2003
CS_5057_5_B_68_4_1,0.1302,1.7072,0.3744,0.3682,0.4098,0.2411,0.6605,7.5981,2.2908,2.1653,3.1457,1.8485,7.1072
CS_5057_5_B_69_1_1,0.1404,2.4259,0.5817,0.6044,0.7025,0.3599,0.9733,11.926,3.5539,3.7693,5.0,2.5503,11.3419
CS_5057_5_B_69_2_1,0.16,2.4016,0.5552,0.5501,0.6612,0.3888,1.2181,8.3506,2.2838,2.182,4.0719,2.4172,7.9295
CS_5057_5_B_69_3_1,0.1208,1.1603,0.2516,0.2439,0.2853,0.1934,0.5529,4.052,1.319,1.1516,2.3483,1.6035,4.0172
CS_5057_5_B_69_4_1,0.1318,1.9044,0.4775,0.4894,0.5629,0.3148,0.8294,9.0481,3.0358,2.9814,4.2627,2.389,8.8145
CS_5057_5_B_6_1_1,0.0784,0.6467,0.1281,0.1258,0.1503,0.1041,0.2876,4.6938,1.3866,1.3792,1.8826,1.3306,4.6769
CS_5057_5_B_6_2_1,0.0663,0.5258,0.1029,0.1018,0.1166,0.0832,0.2191,4.9491,1.3945,1.4508,1.7582,1.2596,4.7766
CS_5057_5_B_6_4_1,0.0796,0.8105,0.1557,0.1639,0.1871,0.1224,0.4174,6.7413,1.6416,1.8852,2.351,1.5446,6.3854
CS_5057_5_B_73_1_1,0.1365,1.5119,0.2942,0.3006,0.313,0.1997,0.527,4.9267,1.2247,1.3366,2.1487,1.4597,4.6795
CS_5057_5_B_73_2_1,0.162,2.4924,0.5638,0.5647,0.6535,0.3596,1.0467,8.7012,2.1804,2.4463,3.9304,2.2019,8.2987
CS_5057_5_B_73_3_1,0.1257,1.5162,0.3008,0.2873,0.3411,0.2205,0.723,6.6116,1.0526,1.7395,2.5897,1.7584,6.2525
CS_5057_5_B_73_4_1,0.1165,1.6468,0.3323,0.3248,0.3576,0.2102,0.7607,9.3977,2.5269,1.7505,3.0723,1.8046,8.9064
CS_5057_5_B_74_1_1,0.1587,1.8599,0.3605,0.3486,0.4079,0.2595,0.8492,4.5039,1.051,0.5655,2.4585,1.6047,4.3937
CS_5057_5_B_74_2_1,0.1225,1.3345,0.2602,0.2514,0.2788,0.1834,0.5804,5.4272,1.6138,1.4472,2.2602,1.4992,5.1217
CS_5057_5_B_74_3_1,0.1117,1.1244,0.2335,0.2459,0.2692,0.1763,0.5411,5.0497,1.5294,1.4594,2.3816,1.5852,4.8888
CS_5057_5_B_74_4_1,0.0769,0.9316,0.2119,0.2125,0.2602,0.1536,0.4316,8.9686,2.6245,2.5737,3.3777,2.0037,8.5895
CS_5057_5_B_75_1_1,0.122,1.445,0.2733,0.2835,0.3327,0.2136,0.8098,6.5437,1.7331,1.8878,2.5745,1.7575,6.2806
CS_5057_5_B_75_2_1,0.161,2.273,0.5022,0.4931,0.5838,0.3482,1.1259,7.2311,1.9557,1.8871,3.3235,2.1621,6.9278
CS_5057_5_B_75_3_1,0.2132,3.3424,0.6262,0.6025,0.7366,0.4141,1.7474,6.3718,0.8311,0.679,2.9715,1.8269,6.0029
CS_5057_5_B_75_4_1,0.1256,1.4157,0.2835,0.2691,0.3289,0.2113,0.7535,5.7096,1.2971,1.4876,2.5393,1.6552,5.3969
CS_5057_5_B_76_1_1,0.1377,1.4516,0.2789,0.2776,0.2968,0.1962,0.5397,4.2464,1.2641,1.1183,2.0541,1.4244,3.9637
CS_5057_5_B_76_2_1,0.1458,1.6967,0.3402,0.3319,0.3767,0.2434,0.7513,5.0876,1.304,1.3156,2.4445,1.6579,4.7349
CS_5057_5_B_76_3_1,0.1388,1.7563,0.366,0.3806,0.4357,0.2636,0.8079,6.6332,1.6614,1.8827,3.0701,1.8837,6.6244
CS_5057_5_B_76_4_1,0.1033,1.1645,0.2325,0.2273,0.2718,0.176,0.5382,6.8051,1.7747,1.8263,2.5483,1.7095,6.4611
CS_5057_5_B_77_1_1,0.1141,1.1884,0.2509,0.2451,0.2727,0.1794,0.5483,5.3175,1.6841,1.6472,2.3035,1.5752,5.069
CS_5057_5_B_77_2_1,0.1341,1.7301,0.327,0.3358,0.3931,0.2412,0.8433,7.1562,1.605,1.8562,2.8661,1.7881,6.7925
CS_5057_5_B_77_3_1,0.1416,1.8271,0.3583,0.3651,0.418,0.26,0.8806,6.7907,1.4902,1.8537,2.892,1.8321,6.4047
CS_5057_5_B_77_4_1,0.1238,1.4337,0.3128,0.3014,0.384,0.249,0.7866,6.1529,1.9294,1.8637,3.0485,2.0163,5.8754
CS_5057_5_B_78_1_1,0.1501,1.7417,0.3295,0.3179,0.3759,0.2386,0.8601,4.8214,1.0146,1.2844,2.4015,1.5809,4.6698
CS_5057_5_B_78_2_1,0.1424,1.8839,0.4013,0.4072,0.4423,0.2614,0.7399,7.1315,1.7291,2.1441,3.083,1.8295,6.7619
CS_5057_5_B_78_3_1,0.0721,0.6947,0.1638,0.1692,0.1924,0.1214,0.307,6.5025,2.0844,2.1795,2.6768,1.6884,6.2585
CS_5057_5_B_78_4_1,0.1072,1.0994,0.2088,0.2094,0.2521,0.1693,0.5957,5.4758,1.4271,1.2597,2.348,1.5844,5.3538
CS_5057_5_B_79_1_1,0.1342,1.8874,0.4449,0.4484,0.5252,0.3058,0.8486,8.4867,2.8759,2.6224,3.8852,2.2818,7.9189
CS_5057_5_B_79_2_1,0.1265,1.5921,0.3854,0.3676,0.43,0.2571,0.7087,7.1719,1.9413,2.336,3.22,2.0248,6.8273
CS_5057_5_B_79_3_1,0.096,0.8115,0.1722,0.1763,0.1931,0.133,0.3456,4.0462,1.423,1.1807,1.9935,1.3916,3.8525
CS_5057_5_B_79_4_1,0.1447,2.0432,0.5031,0.501,0.5857,0.3274,0.8208,8.0553,2.5161,2.7831,4.0053,2.2642,7.6131
CS_5057_5_B_7_1_1,0.0281,0.1516,0.0395,0.0392,0.0483,0.0363,0.0866,4.11,1.4052,1.3681,1.7253,1.296,3.9821
CS_5057_5_B_7_2_1,0.0874,1.6473,0.3916,0.3519,0.4456,0.2278,0.6627,15.856,4.4724,4.0089,5.116,2.6162,15.2421
CS_5057_5_B_7_3_1,0.0888,0.787,0.1486,0.1528,0.1799,0.1222,0.3807,4.8596,1.2529,1.3778,2.0223,1.3722,4.7737
CS_5057_5_B_80_1_1,0.1172,1.2056,0.2669,0.2668,0.3022,0.1963,0.5125,5.0081,1.4932,1.7144,2.5163,1.6745,4.8243
CS_5057_5_B_80_2_1,0.1055,1.1018,0.2472,0.2421,0.2912,0.1874,0.5146,5.7753,2.047,1.8924,2.7574,1.7831,5.5222
CS_5057_5_B_80_3_1,0.0859,0.8039,0.1611,0.1617,0.1924,0.1296,0.3776,5.5322,1.6268,1.5202,2.2261,1.5137,5.367
CS_5057_5_B_80_4_1,0.065,0.4776,0.1013,0.0967,0.1183,0.0838,0.2252,4.3807,1.3616,1.343,1.8206,1.2941,4.2796
CS_5057_5_B_81_1_1,0.0988,0.8986,0.1866,0.1902,0.2117,0.1443,0.4038,4.6137,1.46,1.3204,2.1307,1.467,4.3861
CS_5057_5_B_81_2_1,0.1307,1.353,0.2803,0.2662,0.3137,0.2098,0.6539,4.3974,1.3947,1.2225,2.2163,1.6018,4.2856
CS_5057_5_B_81_3_1,0.0815,0.7144,0.1526,0.1557,0.1817,0.1222,0.3509,5.0998,1.6073,1.6857,2.2326,1.4975,5.0859
CS_5057_5_B_81_4_1,0.094,0.9451,0.1876,0.1923,0.2184,0.1438,0.4623,5.9158,1.487,1.8122,2.2658,1.5363,5.8645
CS_5057_5_B_82_1_1,0.0968,1.5789,0.4124,0.4233,0.4843,0.2564,0.6738,12.689,3.7998,4.0916,5.0135,2.6562,12.2526
CS_5057_5_B_82_2_1,0.1235,1.3843,0.3053,0.3075,0.3435,0.2104,0.5689,5.7444,1.7423,1.6845,2.7672,1.6893,5.4424
CS_5057_5_B_82_3_1,0.1406,2.0085,0.4745,0.4783,0.5538,0.3177,0.8776,8.442,2.52,2.8364,3.8401,2.2581,7.8871
CS_5057_5_B_82_4_1,0.1378,1.7042,0.36,0.3461,0.4109,0.2537,0.7796,6.3592,1.4748,1.6849,2.8457,1.8391,6.1753
CS_5057_5_B_83_1_1,0.1294,1.5126,0.3341,0.3292,0.3583,0.2142,0.5785,6.0022,1.8214,1.7087,2.7526,1.6583,5.8297
CS_5057_5_B_83_2_1,0.0741,0.5079,0.1186,0.1185,0.1444,0.1028,0.2634,3.4019,1.3918,1.3027,1.9252,1.3922,3.4
CS_5057_5_B_83_4_1,0.0933,0.7982,0.1555,0.152,0.1723,0.1216,0.3131,4.2901,1.307,1.2044,1.82,1.3082,4.0838
CS_5057_5_B_84_1_1,0.1113,1.13,0.2308,0.2324,0.2579,0.1671,0.452,5.1573,1.299,1.2592,2.1418,1.4966,4.9075
CS_5057_5_B_84_2_1,0.1162,1.2094,0.2357,0.234,0.2719,0.1788,0.5514,5.2024,0.9861,1.4119,2.3207,1.5337,4.95
CS_5057_5_B_84_3_1,0.142,1.581,0.3211,0.3168,0.3674,0.2392,0.7408,4.7008,1.529,1.0401,2.5794,1.6807,4.5658
CS_5057_5_B_84_4_1,0.1039,1.0255,0.2047,0.2117,0.241,0.1613,0.5196,5.2204,1.5012,1.7004,2.2831,1.557,5.0502
CS_5057_5_B_85_1_1,0.0897,0.7644,0.1638,0.1624,0.1968,0.1368,0.4098,4.4371,1.4978,1.4,2.1809,1.5292,4.2231
CS_5057_5_B_85_2_1,0.1238,1.2902,0.2527,0.2462,0.2697,0.1764,0.482,4.8351,1.1098,1.0002,2.0472,1.4291,4.5905
CS_5057_5_B_85_3_1,0.1009,1.4795,0.3813,0.3733,0.456,0.247,0.6273,10.6995,3.2479,3.4253,4.5067,2.4541,10.1343
CS_5057_5_B_85_4_1,0.1213,1.3203,0.2486,0.2451,0.2562,0.167,0.449,5.4844,1.528,1.4078,2.0506,1.3777,5.0529
CS_5057_5_B_86_1_1,0.0693,0.5191,0.1117,0.112,0.1296,0.0916,0.2451,4.3195,1.3688,1.3065,1.8339,1.3228,4.2941
CS_5057_5_B_86_2_1,0.1143,1.1525,0.2406,0.2367,0.2752,0.1845,0.5609,4.9362,1.479,1.7558,2.4016,1.611,4.8937
CS_5057_5_B_86_3_1,0.1095,1.1258,0.2389,0.2187,0.2688,0.1759,0.5405,5.3993,1.7148,1.3163,2.4465,1.6128,5.2226
CS_5057_5_B_86_4_1,0.0668,0.5956,0.1158,0.1186,0.14,0.0945,0.2987,5.9768,1.563,1.6082,2.1022,1.4211,5.8518
CS_5057_5_B_87_1_1,0.1184,1.1629,0.2314,0.2299,0.2434,0.1642,0.4251,4.4254,1.1802,1.5593,1.996,1.3886,4.124
CS_5057_5_B_87_2_1,0.1417,1.5714,0.3249,0.3247,0.3531,0.2295,0.6967,4.6655,1.1134,1.3739,2.2765,1.6053,4.4162
CS_5057_5_B_87_3_1,0.0751,0.7177,0.152,0.1479,0.1684,0.112,0.2962,6.2723,1.8576,1.858,2.2153,1.497,5.9417
CS_5057_5_B_87_4_1,0.1153,1.8508,0.5307,0.5258,0.6111,0.363,0.9432,11.6177,3.908,4.118,5.3065,3.1577,11.1797
CS_5057_5_B_88_1_1,0.0837,0.7938,0.1385,0.129,0.1649,0.1111,0.3557,5.79,1.3063,1.118,1.9507,1.3332,5.6249
CS_5057_5_B_88_2_1,0.0596,0.3804,0.0853,0.085,0.1002,0.0738,0.1697,3.6186,1.2593,1.1809,1.654,1.2424,3.5302
CS_5057_5_B_88_3_1,0.1328,1.4535,0.281,0.2718,0.3156,0.2041,0.6463,4.9624,1.2059,1.165,2.286,1.533,4.8226
CS_5057_5_B_88_4_1,0.1436,1.8065,0.361,0.329,0.4016,0.2444,0.8469,6.305,1.4085,1.1075,2.7197,1.6982,6.3156
CS_5057_5_B_89_1_1,0.1207,1.2357,0.2427,0.2476,0.2801,0.185,0.5704,4.7843,1.2842,1.4196,2.2504,1.5362,4.5982
CS_5057_5_B_89_2_1,0.1048,1.1153,0.1991,0.1904,0.228,0.1495,0.4813,6.0355,1.2939,1.2666,2.1024,1.4322,5.795
CS_5057_5_B_89_3_1,0.0941,0.8551,0.1735,0.1687,0.2044,0.1395,0.4281,4.8329,1.2494,1.5485,2.1625,1.4861,4.7489
CS_5057_5_B_89_4_1,0.1445,1.7838,0.3517,0.3668,0.4016,0.2508,0.8516,5.9781,1.2741,1.6412,2.7458,1.6989,5.6163
CS_5057_5_B_8_1_1,0.0468,0.3,0.0688,0.0715,0.0797,0.0587,0.1526,4.2693,1.3601,1.3512,1.6989,1.26,4.1389
CS_5057_5_B_8_2_1,0.0929,0.9218,0.1783,0.179,0.2132,0.1414,0.4609,5.8185,1.5752,1.5039,2.239,1.5286,5.573
CS_5057_5_B_8_3_1,0.0807,0.7392,0.1368,0.1386,0.1657,0.1126,0.3727,5.5759,1.2611,1.4169,2.0548,1.396,5.3472
CS_5057_5_B_8_4_1,0.1239,1.2911,0.2386,0.2519,0.286,0.1897,0.6407,4.8188,1.1082,1.2866,2.162,1.535,4.6462
CS_5057_5_B_90_1_1,0.1263,1.3902,0.2576,0.2601,0.2933,0.1917,0.5947,5.3638,1.3551,1.3562,2.1532,1.5116,5.0178
CS_5057_5_B_90_2_1,0.1194,1.4747,0.3147,0.3138,0.377,0.239,0.771,7.2475,2.0064,2.0099,3.0758,2.0082,7.0159
CS_5057_5_B_90_3_1,0.1763,2.3235,0.5179,0.5039,0.5466,0.331,0.9226,5.2927,1.4894,1.4927,2.857,1.8585,5.1042
CS_5057_5_B_90_4_1,0.0694,0.6029,0.1205,0.112,0.1295,0.0899,0.2411,5.6126,1.5518,1.4183,1.8609,1.3009,5.4139
CS_5057_5_B_91_1_1,0.1732,2.4298,0.5287,0.5314,0.5717,0.3162,0.855,6.4908,1.8564,1.6422,3.2028,1.8165,6.0676
CS_5057_5_B_91_2_1,0.1403,1.7846,0.3999,0.3935,0.478,0.282,0.7733,6.6421,1.9513,1.9659,3.3525,2.009,6.5288
CS_5057_5_B_91_3_1,0.0878,0.6921,0.1435,0.1423,0.163,0.1156,0.2946,3.8314,1.2497,1.1926,1.86,1.3155,3.7323
CS_5057_5_B_91_4_1,0.0806,0.744,0.1459,0.1369,0.1667,0.1147,0.3666,5.6487,1.5778,1.4839,2.0436,1.4252,5.4084
CS_5057_5_B_92_1_1,0.1093,1.174,0.2339,0.2385,0.2696,0.1764,0.5658,5.9158,1.6139,1.6603,2.4689,1.6158,5.7262
CS_5057_5_B_92_2_1,0.1471,1.9518,0.4087,0.4047,0.4523,0.2698,0.8198,6.9312,1.7289,1.9493,2.9831,1.8384,6.5459
CS_5057_5_B_92_3_1,0.122,1.5623,0.3618,0.3612,0.4288,0.261,0.7671,7.6326,2.4305,2.5264,3.4578,2.1476,7.2818
CS_5057_5_B_92_4_1,0.1459,1.6829,0.3363,0.3373,0.3646,0.229,0.6561,4.9692,1.2693,1.3609,2.2907,1.5708,4.7484
CS_5057_5_B_93_1_1,0.0741,0.6059,0.1255,0.1219,0.1548,0.1066,0.293,4.8243,1.2347,1.4334,2.0395,1.4436,4.6976
CS_5057_5_B_93_2_1,0.0961,0.8666,0.1824,0.1775,0.2122,0.1442,0.4374,4.6547,1.5336,1.3397,2.1531,1.506,4.6111
CS_5057_5_B_93_3_1,0.1079,1.2039,0.245,0.2462,0.2743,0.1698,0.4803,6.4569,1.7248,1.7769,2.5503,1.5776,6.1373
CS_5057_5_B_93_4_1,0.1095,1.1011,0.2369,0.2283,0.2639,0.1746,0.4771,5.1487,1.6673,1.3438,2.3787,1.5997,5.0303
CS_5057_5_B_94_1_1,0.0983,1.346,0.2873,0.2802,0.3412,0.1948,0.6003,9.7261,2.2002,2.5826,3.4109,1.9869,9.4082
CS_5057_5_B_94_2_1,0.1015,0.9915,0.2143,0.2171,0.2503,0.1648,0.4443,5.2176,1.8004,1.7591,2.4618,1.6276,5.1387
CS_5057_5_B_94_3_1,0.1254,1.5971,0.3337,0.3377,0.4126,0.2609,0.8419,7.3851,2.0745,1.5173,3.1968,2.0825,7.1108
CS_5057_5_B_94_4_1,0.1175,1.6217,0.3565,0.349,0.4052,0.2258,0.7204,8.9736,2.4972,2.4,3.4487,1.9158,8.9181
CS_5057_5_B_95_1_1,0.1075,1.1261,0.2321,0.2331,0.2524,0.1626,0.4312,5.7126,1.7305,1.7967,2.3248,1.5187,5.344
CS_5057_5_B_95_2_1,0.0888,0.9175,0.1771,0.1766,0.1978,0.1288,0.3964,6.4729,1.7421,1.7116,2.2214,1.4542,6.1354
CS_5057_5_B_95_3_1,0.1308,1.9319,0.4373,0.438,0.4825,0.2637,0.7156,9.4597,2.785,2.9268,3.6577,2.0131,9.0337
CS_5057_5_B_95_4_1,0.1079,1.3654,0.3004,0.3109,0.3583,0.2079,0.5881,8.1427,2.4048,2.4816,3.3132,1.9296,7.7195
CS_5057_5_B_96_1_1,0.0754,0.6557,0.1322,0.1299,0.1497,0.1044,0.2835,5.3212,1.5115,1.5875,1.9857,1.3899,5.0378
CS_5057_5_B_96_2_1,0.0779,0.581,0.1424,0.1419,0.177,0.1216,0.3153,3.8699,1.5677,1.4305,2.25,1.566,3.7827
CS_5057_5_B_96_3_1,0.0764,0.5688,0.119,0.1179,0.1413,0.1001,0.2557,3.9176,1.3516,1.3546,1.8431,1.3151,3.8166
CS_5057_5_B_96_4_1,0.0352,0.2113,0.0484,0.0477,0.0545,0.0413,0.0939,4.3887,1.3042,1.3423,1.5539,1.1754,4.2248
CS_5057_5_B_97_1_1,0.0819,0.7275,0.1645,0.157,0.2004,0.137,0.4223,5.2101,1.7659,1.5611,2.4154,1.6791,5.0811
CS_5057_5_B_97_2_1,0.0563,0.4903,0.0859,0.0785,0.1047,0.0699,0.2269,6.2487,1.391,1.2425,1.851,1.2472,5.9932
CS_5057_5_B_97_3_1,0.0676,0.9018,0.2146,0.2305,0.2763,0.1654,0.4381,10.6812,3.0701,3.3045,4.0928,2.4535,10.25
CS_5057_5_B_97_4_1,0.0915,0.739,0.169,0.1714,0.2041,0.1405,0.3627,3.8551,1.4494,1.5049,2.2317,1.5417,3.7265
CS_5057_5_B_98_1_1,0.0856,0.8651,0.1557,0.1487,0.1844,0.1226,0.4339,6.3753,1.6026,1.5047,2.0836,1.4385,6.0265
CS_5057_5_B_98_2_1,0.0841,0.8641,0.1966,0.1991,0.2287,0.1418,0.3696,6.6331,2.1832,1.9167,2.7158,1.6933,6.478
CS_5057_5_B_98_3_1,0.1157,1.0592,0.2284,0.2341,0.2701,0.1805,0.4748,3.8175,1.1196,1.2961,2.3117,1.5384,3.7236
CS_5057_5_B_98_4_1,0.0775,0.5698,0.1218,0.1259,0.1477,0.1047,0.2641,3.7711,1.2566,1.2498,1.8948,1.3561,3.6027
CS_5057_5_B_99_1_1,0.1144,1.074,0.2114,0.2116,0.2304,0.157,0.422,4.1473,1.2363,1.2131,1.9905,1.3767,4.1651
CS_5057_5_B_99_2_1,0.1026,1.282,0.2791,0.2778,0.3159,0.19,0.5286,8.2019,2.3921,2.4588,3.0222,1.8568,7.8871
CS_5057_5_B_99_3_1,0.0874,0.8313,0.1842,0.1741,0.2058,0.1356,0.3772,5.6311,1.8886,1.6988,2.3512,1.5577,5.3808
CS_5057_5_B_99_4_1,0.0678,0.5389,0.116,0.1172,0.1295,0.0911,0.2262,4.8832,1.4924,1.5363,1.9089,1.3484,4.7109
CS_5057_5_B_9_1_1,0.1298,1.6375,0.2879,0.2702,0.3395,0.2023,0.827,7.0448,1.6591,1.5018,2.5581,1.5611,6.627
CS_5057_5_B_9_2_1,0.1438,1.6099,0.2993,0.2943,0.3326,0.2154,0.7155,4.6758,0.8684,0.9814,2.0713,1.4712,4.3943
CS_5057_5_B_9_3_1,0.1712,2.1168,0.4005,0.4069,0.4577,0.2853,1.019,4.5972,1.1358,0.995,2.5272,1.6626,4.4823
CS_5057_5_B_9_4_1,0.0865,0.7523,0.1624,0.1532,0.1843,0.1292,0.3702,4.7799,1.6302,1.4827,2.1269,1.4969,4.6144
